Workbook

Sheet Общее
A1: № | B1: Навык | C1: Категории | E1: Пометка
A2: 1 | B2: С | C2: Языки. Программирование | F2: Что это?
A3: 2 | B3: make | C3: Сборка | F3: Слышал об этом, что-то могу рассказать
A4: 3 | B4: Работа с линкером С | C4: Сборка | F4: Знаю, что это. Работал с этим
A5: 4 | B5: Работа с компилятором С | C5: Сборка | F5: Собаку съел, по крайней мере мне так кажется
A6: 5 | B6: Python | C6: Языки. Программирование
A7: 6 | B7: Labview | C7: Языки. Программирование
A8: 7 | B8: LabView FPGA | C8: Языки. Аппаратура
A9: 8 | B9: Осциллограф PXIe-5164 | C9: Измерительная аппаратура
A10: 9 | B10: Пайка | C10: Навыки. Аппаратура
A11: 10 | B11: Знание процессоров MIPS | C11: Архитектура аппаратуры
A12: 11 | B12: asm MIPS | C12: Языки. Программирование
A13: 12 | B13: Знание процессоров ARM | C13: Архитектура аппаратуры
A14: 13 | B14: asm ARM | C14: Языки. Программирование
A15: 14 | B15: Cadence | C15: Разработка аппаратуры. САПР
A16: 15 | B16: SimVision | C16: Разработка аппаратуры. Моделирование
A17: 16 | B17: modelsim/questasim | C17: Разработка аппаратуры. Моделирование
... A99: 98 | B99: Далее | C99: Навыки. Развитие

Sheet Панин
A1: =Общее!A1 -> № | B1: =Общее!B1 -> Навык | C1: =Общее!C1 -> Категории
A2: =Общее!A2 -> 1 | B2: =Общее!B2 -> С | C2: =Общее!C2 -> Языки. Программирование
A3: =Общее!A3 -> 2 | B3: =Общее!B3 -> make | C3: =Общее!C3 -> Сборка
A4: =Общее!A4 -> 3 | B4: =Общее!B4 -> Работа с линкером С | C4: =Общее!C4 -> Сборка
A5: =Общее!A5 -> 4 | B5: =Общее!B5 -> Работа с компилятором С | C5: =Общее!C5 -> Сборка
A6: =Общее!A6 -> 5 | B6: =Общее!B6 -> Python | C6: =Общее!C6 -> Языки. Программирование
A7: =Общее!A7 -> 6 | B7: =Общее!B7 -> Labview | C7: =Общее!C7 -> Языки. Программирование
A8: =Общее!A8 -> 7 | B8: =Общее!B8 -> LabView FPGA | C8: =Общее!C8 -> Языки. Аппаратура
A9: =Общее!A9 -> 8 | B9: =Общее!B9 -> Осциллограф PXIe-5164 | C9: =Общее!C9 -> Измерительная аппаратура
A10: =Общее!A10 -> 9 | B10: =Общее!B10 -> Пайка | C10: =Общее!C10 -> Навыки. Аппаратура
A11: =Общее!A11 -> 10 | B11: =Общее!B11 -> Знание процессоров MIPS | C11: =Общее!C11 -> Архитектура аппаратуры
A12: =Общее!A12 -> 11 | B12: =Общее!B12 -> asm MIPS | C12: =Общее!C12 -> Языки. Программирование
... A375: =Общее!A375 -> 0 | B375: =Общее!B375 -> 0 | C375: =Общее!C375 -> 0

Sheet Веригин
A1: =Общее!A1 -> № | B1: =Общее!B1 -> Навык | C1: =Общее!C1 -> Категории
A2: =Общее!A2 -> 1 | B2: =Общее!B2 -> С | C2: =Общее!C2 -> Языки. Программирование
A3: =Общее!A3 -> 2 | B3: =Общее!B3 -> make | C3: =Общее!C3 -> Сборка
A4: =Общее!A4 -> 3 | B4: =Общее!B4 -> Работа с линкером С | C4: =Общее!C4 -> Сборка
A5: =Общее!A5 -> 4 | B5: =Общее!B5 -> Работа с компилятором С | C5: =Общее!C5 -> Сборка
A6: =Общее!A6 -> 5 | B6: =Общее!B6 -> Python | C6: =Общее!C6 -> Языки. Программирование
A7: =Общее!A7 -> 6 | B7: =Общее!B7 -> Labview | C7: =Общее!C7 -> Языки. Программирование
A8: =Общее!A8 -> 7 | B8: =Общее!B8 -> LabView FPGA | C8: =Общее!C8 -> Языки. Аппаратура
A9: =Общее!A9 -> 8 | B9: =Общее!B9 -> Осциллограф PXIe-5164 | C9: =Общее!C9 -> Измерительная аппаратура
A10: =Общее!A10 -> 9 | B10: =Общее!B10 -> Пайка | C10: =Общее!C10 -> Навыки. Аппаратура
A11: =Общее!A11 -> 10 | B11: =Общее!B11 -> Знание процессоров MIPS | C11: =Общее!C11 -> Архитектура аппаратуры
A12: =Общее!A12 -> 11 | B12: =Общее!B12 -> asm MIPS | C12: =Общее!C12 -> Языки. Программирование
... A375: =Общее!A375 -> 0 | B375: =Общее!B375 -> 0 | C375: =Общее!C375 -> 0

Sheet Едемский
A1: =Общее!A1 -> № | B1: =Общее!B1 -> Навык | C1: =Общее!C1 -> Категории
A2: =Общее!A2 -> 1 | B2: =Общее!B2 -> С | C2: =Общее!C2 -> Языки. Программирование
A3: =Общее!A3 -> 2 | B3: =Общее!B3 -> make | C3: =Общее!C3 -> Сборка
A4: =Общее!A4 -> 3 | B4: =Общее!B4 -> Работа с линкером С | C4: =Общее!C4 -> Сборка
A5: =Общее!A5 -> 4 | B5: =Общее!B5 -> Работа с компилятором С | C5: =Общее!C5 -> Сборка
A6: =Общее!A6 -> 5 | B6: =Общее!B6 -> Python | C6: =Общее!C6 -> Языки. Программирование
A7: =Общее!A7 -> 6 | B7: =Общее!B7 -> Labview | C7: =Общее!C7 -> Языки. Программирование
A8: =Общее!A8 -> 7 | B8: =Общее!B8 -> LabView FPGA | C8: =Общее!C8 -> Языки. Аппаратура
A9: =Общее!A9 -> 8 | B9: =Общее!B9 -> Осциллограф PXIe-5164 | C9: =Общее!C9 -> Измерительная аппаратура
A10: =Общее!A10 -> 9 | B10: =Общее!B10 -> Пайка | C10: =Общее!C10 -> Навыки. Аппаратура
A11: =Общее!A11 -> 10 | B11: =Общее!B11 -> Знание процессоров MIPS | C11: =Общее!C11 -> Архитектура аппаратуры
A12: =Общее!A12 -> 11 | B12: =Общее!B12 -> asm MIPS | C12: =Общее!C12 -> Языки. Программирование
... A375: =Общее!A375 -> 0 | B375: =Общее!B375 -> 0 | C375: =Общее!C375 -> 0

Sheet Приходько
A1: =Общее!A1 -> № | B1: =Общее!B1 -> Навык | C1: =Общее!C1 -> Категории
A2: =Общее!A2 -> 1 | B2: =Общее!B2 -> С | C2: =Общее!C2 -> Языки. Программирование
A3: =Общее!A3 -> 2 | B3: =Общее!B3 -> make | C3: =Общее!C3 -> Сборка
A4: =Общее!A4 -> 3 | B4: =Общее!B4 -> Работа с линкером С | C4: =Общее!C4 -> Сборка
A5: =Общее!A5 -> 4 | B5: =Общее!B5 -> Работа с компилятором С | C5: =Общее!C5 -> Сборка
A6: =Общее!A6 -> 5 | B6: =Общее!B6 -> Python | C6: =Общее!C6 -> Языки. Программирование
A7: =Общее!A7 -> 6 | B7: =Общее!B7 -> Labview | C7: =Общее!C7 -> Языки. Программирование
A8: =Общее!A8 -> 7 | B8: =Общее!B8 -> LabView FPGA | C8: =Общее!C8 -> Языки. Аппаратура
A9: =Общее!A9 -> 8 | B9: =Общее!B9 -> Осциллограф PXIe-5164 | C9: =Общее!C9 -> Измерительная аппаратура
A10: =Общее!A10 -> 9 | B10: =Общее!B10 -> Пайка | C10: =Общее!C10 -> Навыки. Аппаратура
A11: =Общее!A11 -> 10 | B11: =Общее!B11 -> Знание процессоров MIPS | C11: =Общее!C11 -> Архитектура аппаратуры
A12: =Общее!A12 -> 11 | B12: =Общее!B12 -> asm MIPS | C12: =Общее!C12 -> Языки. Программирование
... A375: =Общее!A375 -> 0 | B375: =Общее!B375 -> 0 | C375: =Общее!C375 -> 0

Sheet Волкова
A1: =Общее!A1 -> № | B1: =Общее!B1 -> Навык | C1: =Общее!C1 -> Категории
A2: =Общее!A2 -> 1 | B2: =Общее!B2 -> С | C2: =Общее!C2 -> Языки. Программирование
A3: =Общее!A3 -> 2 | B3: =Общее!B3 -> make | C3: =Общее!C3 -> Сборка
A4: =Общее!A4 -> 3 | B4: =Общее!B4 -> Работа с линкером С | C4: =Общее!C4 -> Сборка
A5: =Общее!A5 -> 4 | B5: =Общее!B5 -> Работа с компилятором С | C5: =Общее!C5 -> Сборка
A6: =Общее!A6 -> 5 | B6: =Общее!B6 -> Python | C6: =Общее!C6 -> Языки. Программирование
A7: =Общее!A7 -> 6 | B7: =Общее!B7 -> Labview | C7: =Общее!C7 -> Языки. Программирование
A8: =Общее!A8 -> 7 | B8: =Общее!B8 -> LabView FPGA | C8: =Общее!C8 -> Языки. Аппаратура
A9: =Общее!A9 -> 8 | B9: =Общее!B9 -> Осциллограф PXIe-5164 | C9: =Общее!C9 -> Измерительная аппаратура
A10: =Общее!A10 -> 9 | B10: =Общее!B10 -> Пайка | C10: =Общее!C10 -> Навыки. Аппаратура
A11: =Общее!A11 -> 10 | B11: =Общее!B11 -> Знание процессоров MIPS | C11: =Общее!C11 -> Архитектура аппаратуры
A12: =Общее!A12 -> 11 | B12: =Общее!B12 -> asm MIPS | C12: =Общее!C12 -> Языки. Программирование
... A375: =Общее!A375 -> 0 | B375: =Общее!B375 -> 0 | C375: =Общее!C375 -> 0

Sheet Леонов
A1: =Общее!A1 -> № | B1: =Общее!B1 -> Навык | C1: =Общее!C1 -> Категории
A2: =Общее!A2 -> 1 | B2: =Общее!B2 -> С | C2: =Общее!C2 -> Языки. Программирование
A3: =Общее!A3 -> 2 | B3: =Общее!B3 -> make | C3: =Общее!C3 -> Сборка
A4: =Общее!A4 -> 3 | B4: =Общее!B4 -> Работа с линкером С | C4: =Общее!C4 -> Сборка
A5: =Общее!A5 -> 4 | B5: =Общее!B5 -> Работа с компилятором С | C5: =Общее!C5 -> Сборка
A6: =Общее!A6 -> 5 | B6: =Общее!B6 -> Python | C6: =Общее!C6 -> Языки. Программирование
A7: =Общее!A7 -> 6 | B7: =Общее!B7 -> Labview | C7: =Общее!C7 -> Языки. Программирование
A8: =Общее!A8 -> 7 | B8: =Общее!B8 -> LabView FPGA | C8: =Общее!C8 -> Языки. Аппаратура
A9: =Общее!A9 -> 8 | B9: =Общее!B9 -> Осциллограф PXIe-5164 | C9: =Общее!C9 -> Измерительная аппаратура
A10: =Общее!A10 -> 9 | B10: =Общее!B10 -> Пайка | C10: =Общее!C10 -> Навыки. Аппаратура
A11: =Общее!A11 -> 10 | B11: =Общее!B11 -> Знание процессоров MIPS | C11: =Общее!C11 -> Архитектура аппаратуры
A12: =Общее!A12 -> 11 | B12: =Общее!B12 -> asm MIPS | C12: =Общее!C12 -> Языки. Программирование
... A375: =Общее!A375 -> 0 | B375: =Общее!B375 -> 0 | C375: =Общее!C375 -> 0

Sheet Вольфсон
A1: =Общее!A1 -> № | B1: =Общее!B1 -> Навык | C1: =Общее!C1 -> Категории
A2: =Общее!A2 -> 1 | B2: =Общее!B2 -> С | C2: =Общее!C2 -> Языки. Программирование
A3: =Общее!A3 -> 2 | B3: =Общее!B3 -> make | C3: =Общее!C3 -> Сборка
A4: =Общее!A4 -> 3 | B4: =Общее!B4 -> Работа с линкером С | C4: =Общее!C4 -> Сборка
A5: =Общее!A5 -> 4 | B5: =Общее!B5 -> Работа с компилятором С | C5: =Общее!C5 -> Сборка
A6: =Общее!A6 -> 5 | B6: =Общее!B6 -> Python | C6: =Общее!C6 -> Языки. Программирование
A7: =Общее!A7 -> 6 | B7: =Общее!B7 -> Labview | C7: =Общее!C7 -> Языки. Программирование
A8: =Общее!A8 -> 7 | B8: =Общее!B8 -> LabView FPGA | C8: =Общее!C8 -> Языки. Аппаратура
A9: =Общее!A9 -> 8 | B9: =Общее!B9 -> Осциллограф PXIe-5164 | C9: =Общее!C9 -> Измерительная аппаратура
A10: =Общее!A10 -> 9 | B10: =Общее!B10 -> Пайка | C10: =Общее!C10 -> Навыки. Аппаратура
A11: =Общее!A11 -> 10 | B11: =Общее!B11 -> Знание процессоров MIPS | C11: =Общее!C11 -> Архитектура аппаратуры
A12: =Общее!A12 -> 11 | B12: =Общее!B12 -> asm MIPS | C12: =Общее!C12 -> Языки. Программирование
... A375: =Общее!A375 -> 0 | B375: =Общее!B375 -> 0 | C375: =Общее!C375 -> 0
